epoch,auc_gt_tf,auc_gt_sl,roc_auc_mean,roc_auc_std
0,0.7493573427200317,0.7493831215889618,0.5375571940137768,0.052796322895913655
1,0.7664340734481812,0.7664771312694274,0.543198690487333,0.04998997190611757
2,0.7701894640922546,0.7702185466609048,0.5531207279071021,0.0502845107468935
