epoch,auc_gt_tf,auc_gt_sl,roc_auc_mean,roc_auc_std
0,0.7493573427200317,0.7493831215889618,0.5938783074505775,0.03433942247724311
1,0.7664340734481812,0.7664771312694274,0.6068771515718152,0.03673616488351409
2,0.7701894640922546,0.7702185466609048,0.6031613358141953,0.036402287574961396
