epoch,auc_gt_tf,auc_gt_sl,roc_auc_mean,roc_auc_std
0,0.7493573427200317,0.7493831215889618,0.49746913583098107,0.07989893201827135
1,0.7664340734481812,0.7664771312694274,0.4981366134618881,0.0631925062842912
2,0.7701894640922546,0.7702185466609048,0.5104943102921354,0.06930167544974955
