epoch,auc_gt_tf,auc_gt_sl,roc_auc_mean,roc_auc_std
0,0.7493573427200317,0.7493831215889618,0.5255929074378136,0.06860624428821739
1,0.7664340734481812,0.7664771312694274,0.5020186093588039,0.06013182223140843
2,0.7701894640922546,0.7702185466609048,0.5149231384269705,0.0626087628151643
