epoch,auc_gt_tf,auc_gt_sl,roc_auc_mean,roc_auc_std
0,0.7493573427200317,0.7493831215889618,0.7493374834891686,0.00012622955436230105
1,0.7664340734481812,0.7664771312694274,0.7663599766908891,0.00020464407535214453
2,0.7701894640922546,0.7702185466609048,0.770131564048489,0.00014587397134585613
