epoch,auc_gt_tf,auc_gt_sl,roc_auc_mean,roc_auc_std
0,0.7493573427200317,0.7493831215889618,0.7490508749193749,0.0005865454451660085
1,0.7664340734481812,0.7664771312694274,0.7660704634327464,0.0004849649727969218
2,0.7701894640922546,0.7702185466609048,0.7698670094238662,0.0005344632648838307
