epoch,auc_gt_tf,auc_gt_sl,roc_auc_mean,roc_auc_std
0,0.7493573427200317,0.7493831215889618,0.7493701049512963,4.945030333155125e-05
1,0.7664340734481812,0.7664771312694274,0.7664588720978063,5.092127768893481e-05
2,0.7701894640922546,0.7702185466609048,0.7701836046780408,4.517542795313456e-05
