epoch,auc_gt_tf,auc_gt_sl,roc_auc_mean,roc_auc_std
0,0.7493573427200317,0.7493831215889618,0.7483728547156245,0.0011576408168081182
1,0.7664340734481812,0.7664771312694274,0.7653611940115748,0.0012513797010898125
2,0.7701894640922546,0.7702185466609048,0.7689043335563194,0.0010297667462607638
