epoch,auc_gt_tf,auc_gt_sl,roc_auc_mean,roc_auc_std
0,0.7493573427200317,0.7493831215889618,0.7493526542772164,0.0001359668228893367
1,0.7664340734481812,0.7664771312694274,0.7664082536474958,0.00012188108578675745
2,0.7701894640922546,0.7702185466609048,0.7701801896108753,0.00012574032657684524
