epoch,auc_gt_tf,auc_gt_sl,roc_auc_mean,roc_auc_std
0,0.7493573427200317,0.7493831215889618,0.7489679463125392,0.0008247289543801151
1,0.7664340734481812,0.7664771312694274,0.7658266671201752,0.0009221410795575566
2,0.7701894640922546,0.7702185466609048,0.7694094879274097,0.0007930413314124923
