epoch,auc_gt_tf,auc_gt_sl,roc_auc_mean,roc_auc_std
0,0.7493573427200317,0.7493831215889618,0.7491556372400723,0.00036337904030412884
1,0.7664340734481812,0.7664771312694274,0.7663377765762687,0.00031106132897057665
2,0.7701894640922546,0.7702185466609048,0.770024714792177,0.00037148629407595215
