epoch,auc_gt_tf,auc_gt_sl,roc_auc_mean,roc_auc_std
0,0.7493573427200317,0.7493831215889618,0.7493160871917407,7.367398986539217e-05
1,0.7664340734481812,0.7664771312694274,0.7663881300938917,8.613022851480706e-05
2,0.7701894640922546,0.7702185466609048,0.770156140318612,7.410512990412792e-05
