epoch,auc_gt_tf,auc_gt_sl,roc_auc_mean,roc_auc_std
0,0.7493573427200317,0.7493831215889618,0.7491549978340831,0.0007141863005305501
1,0.7664340734481812,0.7664771312694274,0.7660957345269941,0.0008109945729075044
2,0.7701894640922546,0.7702185466609048,0.7698178846760253,0.0006306505620342503
