epoch,auc_gt_tf,auc_gt_sl,roc_auc_mean,roc_auc_std
0,0.7493573427200317,0.7493831215889618,0.7488577755367913,0.00041659232977861145
1,0.7664340734481812,0.7664771312694274,0.7660280757334702,0.0005421425287984757
2,0.7701894640922546,0.7702185466609048,0.7697929492017254,0.00041401300946507875
