epoch,auc_gt_tf,auc_gt_sl,roc_auc_mean,roc_auc_std
0,0.7493573427200317,0.7493831215889618,0.749245345377578,0.0005120904179416405
1,0.7664340734481812,0.7664771312694274,0.7662184821882646,0.0005087807270743277
2,0.7701894640922546,0.7702185466609048,0.7699403573468965,0.0005117222449113793
