epoch,auc_gt_tf,auc_gt_sl,roc_auc_mean,roc_auc_std
0,0.7493573427200317,0.7493831215889618,0.7489776347678954,4.877745781519459e-05
1,0.7664340734481812,0.7664771312694274,0.7661740349866271,7.80584996977885e-05
2,0.7701894640922546,0.7702185466609048,0.7698764156547826,7.608944666646652e-05
