epoch,auc_gt_tf,auc_gt_sl,roc_auc_mean,roc_auc_std
0,0.7493573427200317,0.7493831215889618,0.7493371799318683,0.00020538089920872226
1,0.7664340734481812,0.7664771312694274,0.7663673714694884,0.0001909704961757539
2,0.7701894640922546,0.7702185466609048,0.7701182048179708,0.00017555293000663406
