epoch,auc_gt_tf,auc_gt_sl,roc_auc_mean,roc_auc_std
0,0.7493573427200317,0.7493831215889618,0.7490864984341428,0.0012365534341790313
1,0.7664340734481812,0.7664771312694274,0.7661786955468604,0.0011361112112047587
2,0.7701894640922546,0.7702185466609048,0.7695845457837901,0.0011586575785696807
