epoch,auc_gt_tf,auc_gt_sl,roc_auc_mean,roc_auc_std
0,0.7493573427200317,0.7493831215889618,0.7489555421645331,0.00021634555220567344
1,0.7664340734481812,0.7664771312694274,0.7661928047376284,0.0002132653437997858
2,0.7701894640922546,0.7702185466609048,0.7697736935442953,0.00022783247046302322
