epoch,auc_gt_tf,auc_gt_sl,roc_auc_mean,roc_auc_std
0,0.7493573427200317,0.7493831215889618,0.7491705202179822,0.00020864728864888567
1,0.7664340734481812,0.7664771312694274,0.7663324529024307,0.00025801465023111395
2,0.7701894640922546,0.7702185466609048,0.7700924077858069,0.0002433988205052466
