epoch,auc_gt_tf,auc_gt_sl,roc_auc_mean,roc_auc_std
0,0.7493573427200317,0.7493831215889618,0.7484392515156825,0.0017701108319654899
1,0.7664340734481812,0.7664771312694274,0.7655288114425599,0.0014595230956988986
2,0.7701894640922546,0.7702185466609048,0.769324064713913,0.0017828361471528846
