epoch,auc_gt_tf,auc_gt_sl,roc_auc_mean,roc_auc_std
0,0.7493573427200317,0.7493831215889618,0.7489892500095832,9.563527847681958e-05
1,0.7664340734481812,0.7664771312694274,0.7661952023880336,0.00011522857921515394
2,0.7701894640922546,0.7702185466609048,0.7698215230979689,0.0001269670162862026
