epoch,auc_gt_tf,auc_gt_sl,roc_auc_mean,roc_auc_std
0,0.7493573427200317,0.7493831215889618,0.7487561047954859,0.002394534167973158
1,0.7664340734481812,0.7664771312694274,0.7646054231859999,0.0025345512168104627
2,0.7701894640922546,0.7702185466609048,0.7692269019339251,0.002556490801533411
