epoch,auc_gt_tf,auc_gt_sl,roc_auc_mean,roc_auc_std
0,0.7493573427200317,0.7493831215889618,0.7488157520097333,0.0012790756832293997
1,0.7664340734481812,0.7664771312694274,0.7660086260671554,0.0012163815981963727
2,0.7701894640922546,0.7702185466609048,0.7693900056383183,0.0010340831503868814
