epoch,auc_gt_tf,auc_gt_sl,roc_auc_mean,roc_auc_std
0,0.7493574619293213,0.7493831215889618,0.7470728828816674,0.0020915539996795296
1,0.7664340734481812,0.7664771312694274,0.7640870850149455,0.00224056763197147
2,0.7701895236968994,0.7702185466609048,0.7681056779843007,0.0020583713468528835
