epoch,auc_gt_tf,auc_gt_sl,roc_auc_mean,roc_auc_std
0,0.7493573427200317,0.7493831215889618,0.7248994068549988,0.000607081542130315
1,0.7664340734481812,0.7664771312694274,0.7440576547730009,0.0006387824183131745
2,0.7701894640922546,0.7702185466609048,0.7486257690936275,0.0005907853025604357
