epoch,auc_gt_tf,auc_gt_sl,roc_auc_mean,roc_auc_std
0,0.7493573427200317,0.7493831215889618,0.7493185503995486,0.00024155722790823248
1,0.7664340734481812,0.7664771312694274,0.7663776274964941,0.00023146635997050005
2,0.7701894640922546,0.7702185466609048,0.7700948744807528,0.00021330387422370338
