epoch,auc_gt_tf,auc_gt_sl,roc_auc_mean,roc_auc_std
0,0.7493573427200317,0.7493831215889618,0.7489142114567957,0.0001608496252508366
1,0.7664340734481812,0.7664771312694274,0.7661982141091657,0.00018696293248855205
2,0.7701894640922546,0.7702185466609048,0.7698060919072209,0.00022172950534593336
