epoch,auc_gt_tf,auc_gt_sl,roc_auc_mean,roc_auc_std
0,0.7493573427200317,0.7493831215889618,0.7476687236558105,0.0006249149312025853
1,0.7664340734481812,0.7664771312694274,0.7649144824507401,0.0005069683378136706
2,0.7701894640922546,0.7702185466609048,0.7687047714605388,0.0005081711291563749
