epoch,auc_gt_tf,auc_gt_sl,roc_auc_mean,roc_auc_std
0,0.7493573427200317,0.7493831215889618,0.7250083683787841,0.0003227942152073478
1,0.7664340734481812,0.7664771312694274,0.7442153990998311,0.0003275174426368852
2,0.7701894640922546,0.7702185466609048,0.7488213376800447,0.0003307320044024094
