epoch,auc_gt_tf,auc_gt_sl,roc_auc_mean,roc_auc_std
0,0.7493573427200317,0.7493831215889618,0.7492603992653958,0.0004740758168134068
1,0.7664340734481812,0.7664771312694274,0.7661971005256631,0.0004713513793020965
2,0.7701894640922546,0.7702185466609048,0.7701146906937102,0.00043364990827292945
