epoch,auc_gt_tf,auc_gt_sl,roc_auc_mean,roc_auc_std
0,0.7493574,0.7493831215889618,0.748562313282484,0.0012162253782936638
1,0.76643413,0.7664771312694274,0.7658116417256358,0.0014046556324751964
2,0.7701895,0.7702185466609048,0.7694403356304887,0.001104847670628167
