epoch,auc_gt_tf,auc_gt_sl,roc_auc_mean,roc_auc_std
0,0.7493574,0.7493831215889618,0.7491335038796462,0.000672228935151469
1,0.76643413,0.7664771312694274,0.766139121559466,0.0005756591635269422
2,0.7701895,0.7702185466609048,0.7697904650413101,0.0005448490910429008
