epoch,auc_gt_tf,auc_gt_sl,roc_auc_mean,roc_auc_std
0,0.7493574619293213,0.7493831215889618,0.7493885014435907,5.789762371478911e-05
1,0.7664340734481812,0.7664771312694274,0.7664366507606598,6.674089874209686e-05
2,0.7701895236968994,0.7702185466609048,0.7701891197135151,6.094653268302645e-05
