epoch,auc_gt_tf,auc_gt_sl,roc_auc_mean,roc_auc_std
0,0.7493573427200317,0.7493831215889618,0.7467646393124484,0.003759946316874297
1,0.7664340734481812,0.7664771312694274,0.763648406030224,0.0037629214356497223
2,0.7701894640922546,0.7702185466609048,0.7671629846635066,0.003422922142395169
