epoch,auc_gt_tf,auc_gt_sl,roc_auc_mean,roc_auc_std
0,0.7493573427200317,0.7493831215889618,0.7488837133415488,0.0003434393426776603
1,0.7664340734481812,0.7664771312694274,0.7661807937823423,0.0003288013971106177
2,0.7701894640922546,0.7702185466609048,0.7697560198247193,0.0004998099089755664
