epoch,auc_gt_tf,auc_gt_sl,roc_auc_mean,roc_auc_std
0,0.7493573427200317,0.7493831215889618,0.7470215141442524,0.0029150610129904833
1,0.7664340734481812,0.7664771312694274,0.7637963748961155,0.0038151510396188513
2,0.7701894640922546,0.7702185466609048,0.7672442834051786,0.0032722995726908667
