epoch,auc_gt_tf,auc_gt_sl,roc_auc_mean,roc_auc_std
0,0.7493574,0.7493831215889618,0.7491602702237384,0.0005727254230964415
1,0.76643413,0.7664771312694274,0.7662349691119849,0.0006768237724827029
2,0.7701895,0.7702185466609048,0.7697294630569858,0.0006328126948487662
