epoch,auc_gt_tf,auc_gt_sl,roc_auc_mean,roc_auc_std
0,0.7493574619293213,0.7493831215889618,0.7493721562169893,2.811476816583884e-05
1,0.7664340734481812,0.7664771312694274,0.7664507916242788,2.8764294083465792e-05
2,0.7701895236968994,0.7702185466609048,0.7702071809887931,3.647442370847441e-05
