epoch,auc_gt_tf,auc_gt_sl,roc_auc_mean,roc_auc_std
0,0.7493573427200317,0.7493831215889618,0.749346669072678,0.00021580706031998275
1,0.7664340734481812,0.7664771312694274,0.7663727561571371,0.0002385693352626017
2,0.7701894640922546,0.7702185466609048,0.7700911357548381,0.00025769547107331594
