epoch,auc_gt_tf,auc_gt_sl,roc_auc_mean,roc_auc_std
0,0.7493574,0.7493831215889618,0.7471172670172279,0.0022239334110612523
1,0.76643413,0.7664771312694274,0.7643990350617783,0.0022638148628411946
2,0.7701895,0.7702185466609048,0.7676941227856494,0.0027462609432046302
