epoch,auc_gt_tf,auc_gt_sl,roc_auc_mean,roc_auc_std
0,0.7493573427200317,0.7493831215889618,0.7489879811078144,0.0006570138106297717
1,0.7664340734481812,0.7664771312694274,0.7659725242152399,0.0007234482890477635
2,0.7701894640922546,0.7702185466609048,0.7695485592596428,0.0008054724044492771
