epoch,auc_gt_tf,auc_gt_sl,roc_auc_mean,roc_auc_std
0,0.7493573427200317,0.7493831215889618,0.7493852211547164,0.0
1,0.7664340734481812,0.7664771312694274,0.766476513873569,0.0
2,0.7701894640922546,0.7702185466609048,0.7702135903882318,0.0
