epoch,auc_gt_tf,auc_gt_sl,roc_auc_mean,roc_auc_std
0,0.7493574,0.7493831215889618,0.7492899825493304,0.0002887338623426797
1,0.76643413,0.7664771312694274,0.7663797813477217,0.0003114079898909809
2,0.7701895,0.7702185466609048,0.7701365005450892,0.00031900285376222604
