epoch,auc_gt_tf,auc_gt_sl,roc_auc_mean,roc_auc_std
0,0.7493573427200317,0.7493831215889618,0.7460049996421085,0.004170724015526678
1,0.7664340734481812,0.7664771312694274,0.7638751446752821,0.004665668806746559
2,0.7701894640922546,0.7702185466609048,0.7673917624658508,0.003920572548242524
