epoch,auc_gt_tf,auc_gt_sl,roc_auc_mean,roc_auc_std
0,0.7493574,0.7493831215889618,0.7484907750516292,0.001204029541355474
1,0.76643413,0.7664771312694274,0.7656937297128947,0.001367427990504751
2,0.7701895,0.7702185466609048,0.7690655043401999,0.001085318268047186
