epoch,auc_gt_tf,auc_gt_sl,roc_auc_mean,roc_auc_std
0,0.7493573427200317,0.7493831215889618,0.7489370584968629,0.0007553942279893401
1,0.7664340734481812,0.7664771312694274,0.7661096359009205,0.0008940355724306189
2,0.7701894640922546,0.7702185466609048,0.7700276293480028,0.0007883345565454775
