epoch,auc_gt_tf,auc_gt_sl,roc_auc_mean,roc_auc_std
0,0.7493573427200317,0.7493831215889618,0.7482063155108201,0.0016494225571066173
1,0.7664340734481812,0.7664771312694274,0.7656838667656668,0.0016774585762831431
2,0.7701894640922546,0.7702185466609048,0.7691431952520628,0.0017198685388018142
