epoch,auc_gt_tf,auc_gt_sl,roc_auc_mean,roc_auc_std
0,0.7493573427200317,0.7493831215889618,0.7491775980783606,0.0004841326709068503
1,0.7664340734481812,0.7664771312694274,0.7663093203528092,0.00040175783862169225
2,0.7701894640922546,0.7702185466609048,0.7699945071338767,0.0004983971272676795
