epoch,auc_gt_tf,auc_gt_sl,roc_auc_mean,roc_auc_std
0,0.7493573427200317,0.7493831215889618,0.7493208810991583,1.1102230246251565e-16
1,0.7664340734481812,0.7664771312694274,0.7664168536238896,1.1102230246251565e-16
2,0.7701894640922546,0.7702185466609048,0.7701717688067073,0.0
