epoch,auc_gt_tf,auc_gt_sl,roc_auc_mean,roc_auc_std
0,0.7493574619293213,0.7493831215889618,0.7492950730487096,0.000319911880818886
1,0.7664340734481812,0.7664771312694274,0.7663180869925703,0.0002746323074260759
2,0.7701895236968994,0.7702185466609048,0.7700262557504394,0.0002876859068016942
