epoch,auc_gt_tf,auc_gt_sl,roc_auc_mean,roc_auc_std
0,0.7493573427200317,0.7493831215889618,0.7472776067420734,0.0008889855322799361
1,0.7664340734481812,0.7664771312694274,0.7649677344899528,0.001281544865763959
2,0.7701894640922546,0.7702185466609048,0.7683570545385828,0.0013083762635100163
