epoch,auc_gt_tf,auc_gt_sl,roc_auc_mean,roc_auc_std
0,0.7493573427200317,0.7493831215889618,0.7478788417584596,0.00014710262598840621
1,0.7664340734481812,0.7664771312694274,0.7651780360241556,0.0001591045578145918
2,0.7701894640922546,0.7702185466609048,0.7690055131219201,0.00016228641378326106
