epoch,auc_gt_tf,auc_gt_sl,roc_auc_mean,roc_auc_std
0,0.7493574619293213,0.7493831215889618,0.7492971968248578,0.0002753135130038797
1,0.7664340734481812,0.7664771312694274,0.7663835704779244,0.0003134918618140742
2,0.7701895236968994,0.7702185466609048,0.7701619674762271,0.00030960841098911655
