epoch,auc_gt_tf,auc_gt_sl,roc_auc_mean,roc_auc_std
0,0.7493573427200317,0.7493831215889618,0.6920434678384564,0.02161145156646243
1,0.7664340734481812,0.7664771312694274,0.7017552775855945,0.024027694528729153
2,0.7701894640922546,0.7702185466609048,0.7103666189733369,0.025589254458515304
