epoch,auc_gt_tf,auc_gt_sl,roc_auc_mean,roc_auc_std
0,0.7493573427200317,0.7493831215889618,0.7481103818528944,0.0023354691105621833
1,0.7664340734481812,0.7664771312694274,0.7648865031895297,0.0022414706178778125
2,0.7701894640922546,0.7702185466609048,0.7691796455705212,0.0025185806808043524
