epoch,auc_gt_tf,auc_gt_sl,roc_auc_mean,roc_auc_std
0,0.7493574,0.7493831215889618,0.7262096396181399,0.01110386418351576
1,0.76643413,0.7664771312694274,0.7441803560214226,0.009724966758596475
2,0.7701895,0.7702185466609048,0.7449127871541257,0.011228329254112032
