epoch,auc_gt_tf,auc_gt_sl,roc_auc_mean,roc_auc_std
0,0.7493573427200317,0.7493831215889618,0.7476140086780134,0.0013619002648965432
1,0.7664340734481812,0.7664771312694274,0.7647592972986723,0.0013884364602388879
2,0.7701894640922546,0.7702185466609048,0.7685332241343044,0.0014357091857544685
