epoch,auc_gt_tf,auc_gt_sl,roc_auc_mean,roc_auc_std
0,0.7493573427200317,0.7493831215889618,0.7457684219196156,0.004863693245141473
1,0.7664340734481812,0.7664771312694274,0.7618567892453723,0.004508049286836041
2,0.7701894640922546,0.7702185466609048,0.7668263004235187,0.004923247327790038
