epoch,auc_gt_tf,auc_gt_sl,roc_auc_mean,roc_auc_std
0,0.7493574,0.7493831215889618,0.7459324568026342,0.0033552212593783532
1,0.76643413,0.7664771312694274,0.7623731645920203,0.0027742329404534423
2,0.7701895,0.7702185466609048,0.7667252486601477,0.0033671471321969283
