epoch,auc_gt_tf,auc_gt_sl,roc_auc_mean,roc_auc_std
0,0.7493573427200317,0.7493831215889618,0.7480616057390658,0.0019808896045675514
1,0.7664340734481812,0.7664771312694274,0.7649230563155431,0.0020358532427562407
2,0.7701894640922546,0.7702185466609048,0.7688940491702086,0.002104239287852919
