epoch,auc_gt_tf,auc_gt_sl,roc_auc_mean,roc_auc_std
0,0.7493573427200317,0.7493831215889618,0.7268845425951445,0.016539028608569886
1,0.7664340734481812,0.7664771312694274,0.7449784230870721,0.018234134206908777
2,0.7701894640922546,0.7702185466609048,0.7468146256535602,0.01651083017908516
