epoch,auc_gt_tf,auc_gt_sl,roc_auc_mean,roc_auc_std
0,0.7493573427200317,0.7493831215889618,0.7443989022163018,0.009958599231668223
1,0.7664340734481812,0.7664771312694274,0.7617174707317766,0.008990140348980163
2,0.7701894640922546,0.7702185466609048,0.7623883512101303,0.010546096691884714
