epoch,auc_gt_tf,auc_gt_sl,roc_auc_mean,roc_auc_std
0,0.7493573427200317,0.7493831215889618,0.7000978033910894,0.03947031703437214
1,0.7664340734481812,0.7664771312694274,0.705460099962939,0.033148012119304786
2,0.7701894640922546,0.7702185466609048,0.703643402319741,0.03272116090121208
