epoch,auc_gt_tf,auc_gt_sl,roc_auc_mean,roc_auc_std
0,0.7493573427200317,0.7493831215889618,0.7482655118811279,0.0016689171663377429
1,0.7664340734481812,0.7664771312694274,0.7656750338598982,0.0017527768586152533
2,0.7701894640922546,0.7702185466609048,0.7691390685956104,0.0015873050189622148
