epoch,auc_gt_tf,auc_gt_sl,roc_auc_mean,roc_auc_std
0,0.7493573427200317,0.7493831215889618,0.7479075908154554,0.003165296094560561
1,0.7664340734481812,0.7664771312694274,0.7645220805242456,0.0030091924252177212
2,0.7701894640922546,0.7702185466609048,0.7681586713509878,0.003311976721349531
