epoch,auc_gt_tf,auc_gt_sl,roc_auc_mean,roc_auc_std
0,0.7493573427200317,0.7493831215889618,0.7455574187487716,0.004497902456019528
1,0.7664340734481812,0.7664771312694274,0.7630117496577129,0.004377678169164721
2,0.7701894640922546,0.7702185466609048,0.7664819526511596,0.004387402338974191
