epoch,auc_gt_tf,auc_gt_sl,roc_auc_mean,roc_auc_std
0,0.7493573427200317,0.7493831215889618,0.7261873489241103,0.014703528174579235
1,0.7664340734481812,0.7664771312694274,0.7406191518209723,0.01745712888070726
2,0.7701894640922546,0.7702185466609048,0.7458116047023384,0.014595697856349947
