epoch,auc_gt_tf,auc_gt_sl,roc_auc_mean,roc_auc_std
0,0.7493574,0.7493831215889618,0.6951086249334593,0.018655170635369832
1,0.76643413,0.7664771312694274,0.7062089726297427,0.014563666671875027
2,0.7701895,0.7702185466609048,0.7126703607697255,0.018564779739082844
