epoch,auc_gt_tf,auc_gt_sl,roc_auc_mean,roc_auc_std
0,0.7493573427200317,0.7493831215889618,0.7430630762595092,0.005342807368402494
1,0.7664340734481812,0.7664771312694274,0.7608958768631352,0.006080717548474137
2,0.7701894640922546,0.7702185466609048,0.7651661270945185,0.006494263905196648
