epoch,auc_gt_tf,auc_gt_sl,roc_auc_mean,roc_auc_std
0,0.7493573427200317,0.7493831215889618,0.724370050754919,0.00156133521423379
1,0.7664340734481812,0.7664771312694274,0.7441505104521186,0.0017254027470567893
2,0.7701894640922546,0.7702185466609048,0.7483240603648634,0.001435266658324914
