epoch,auc_gt_tf,auc_gt_sl,roc_auc_mean,roc_auc_std
0,0.7493573427200317,0.7493831215889618,0.7471773105039539,0.002225243143183333
1,0.7664340734481812,0.7664771312694274,0.7643517460696228,0.002488758106232984
2,0.7701894640922546,0.7702185466609048,0.767099685673912,0.003361665831389378
