epoch,auc_gt_tf,auc_gt_sl,roc_auc_mean,roc_auc_std
0,0.7493574,0.7493831215889618,0.7472859437961402,0.0033809034747838964
1,0.76643413,0.7664771312694274,0.7635882121009985,0.002464523188776586
2,0.7701895,0.7702185466609048,0.7662457875798523,0.0033539346883607636
