epoch,auc_gt_tf,auc_gt_sl,roc_auc_mean,roc_auc_std
0,0.7493573427200317,0.7493831215889618,0.7389440143200133,0.00800760567237764
1,0.7664340734481812,0.7664771312694274,0.7569375109710472,0.00809579246771157
2,0.7701894640922546,0.7702185466609048,0.7610738296161224,0.007947452583595091
