epoch,auc_gt_tf,auc_gt_sl,roc_auc_mean,roc_auc_std
0,0.7493574,0.7493831215889618,0.7411613626702163,0.006277961764138028
1,0.76643413,0.7664771312694274,0.7581417414045799,0.005686720033882445
2,0.7701895,0.7702185466609048,0.7608070721376278,0.006807470799744551
