epoch,auc_gt_tf,auc_gt_sl,roc_auc_mean,roc_auc_std
0,0.7493573427200317,0.7493831215889618,0.7461054828086009,0.004464581659040133
1,0.7664340734481812,0.7664771312694274,0.7632457664817829,0.004022467459897699
2,0.7701894640922546,0.7702185466609048,0.7668191404118668,0.0038020284568576774
