epoch,auc_gt_tf,auc_gt_sl,roc_auc_mean,roc_auc_std
0,0.7493574,0.7493831215889618,0.6900679243967356,0.019574913033665736
1,0.76643413,0.7664771312694274,0.7027434260290072,0.014594712737633467
2,0.7701895,0.7702185466609048,0.7093074055684153,0.018684155908874164
