epoch,auc_gt_tf,auc_gt_sl,roc_auc_mean,roc_auc_std
0,0.7493573427200317,0.7493831215889618,0.6930171298218367,0.025835842054161267
1,0.7664340734481812,0.7664771312694274,0.7054161437843806,0.028573427446877634
2,0.7701894640922546,0.7702185466609048,0.7084791165568243,0.02773977847892722
