epoch,auc_gt_tf,auc_gt_sl,roc_auc_mean,roc_auc_std
0,0.7493573427200317,0.7493831215889618,0.7295102420676598,0.023246421531521913
1,0.7664340734481812,0.7664771312694274,0.7439812920677409,0.021997789608282158
2,0.7701894640922546,0.7702185466609048,0.7419910429280878,0.02184600207128123
