epoch,auc_gt_tf,auc_gt_sl,roc_auc_mean,roc_auc_std
0,0.7493573427200317,0.7493831215889618,0.7216721539067094,0.006905835687819979
1,0.7664340734481812,0.7664771312694274,0.7422464994511182,0.005897034624496511
2,0.7701894640922546,0.7702185466609048,0.7477163866266828,0.006317814948987051
