epoch,auc_gt_tf,auc_gt_sl,roc_auc_mean,roc_auc_std
0,0.7493574,0.7493831215889618,0.7254592242087642,0.012307234466288513
1,0.76643413,0.7664771312694274,0.74381664404883,0.010322767381497828
2,0.7701895,0.7702185466609048,0.7469110363384598,0.010126038204297354
