epoch,auc_gt_tf,auc_gt_sl,roc_auc_mean,roc_auc_std
0,0.7493574619293213,0.7493831215889618,0.7400273760775704,0.006304363544091946
1,0.7664340734481812,0.7664771312694274,0.7561205245884365,0.0055106037520865295
2,0.7701895236968994,0.7702185466609048,0.7599551852684495,0.005241907740752647
