epoch,auc_gt_tf,auc_gt_sl,roc_auc_mean,roc_auc_std
0,0.7493573427200317,0.7493831215889618,0.7247587716881347,0.0008300991582102435
1,0.7664340734481812,0.7664771312694274,0.7439942362169307,0.0006493927431825696
2,0.7701894640922546,0.7702185466609048,0.7485283529268023,0.0008044706233783658
