epoch,auc_gt_tf,auc_gt_sl,roc_auc_mean,roc_auc_std
0,0.7493573427200317,0.7493831215889618,0.7235959606604362,0.0025023400499974424
1,0.7664340734481812,0.7664771312694274,0.7436526000033054,0.0030465045628864855
2,0.7701894640922546,0.7702185466609048,0.7474555804834033,0.0032602336683363914
