epoch,auc_gt_tf,auc_gt_sl,roc_auc_mean,roc_auc_std
0,0.7493573427200317,0.7493831215889618,0.7396880631699618,0.012265943842244331
1,0.7664340734481812,0.7664771312694274,0.7559005323310969,0.010381316286536862
2,0.7701894640922546,0.7702185466609048,0.7578472618230717,0.010772755703692186
