epoch,auc_gt_tf,auc_gt_sl,roc_auc_mean,roc_auc_std
0,0.7493573427200317,0.7493831215889618,0.7417112473280693,0.009246306237752844
1,0.7664340734481812,0.7664771312694274,0.7567149520248941,0.009104736538646407
2,0.7701894640922546,0.7702185466609048,0.7599156676701027,0.007251129292936545
