epoch,auc_gt_tf,auc_gt_sl,roc_auc_mean,roc_auc_std
0,0.7493573427200317,0.7493831215889618,0.5489173451949074,0.05145413800673552
1,0.7664340734481812,0.7664771312694274,0.5540316165178958,0.05063529573877428
2,0.7701894640922546,0.7702185466609048,0.5532815636991413,0.04556185517021696
