epoch,auc_gt_tf,auc_gt_sl,roc_auc_mean,roc_auc_std
0,0.7493573427200317,0.7493831215889618,0.6708695251941426,0.02164098436713127
1,0.7664340734481812,0.7664771312694274,0.6859980889356327,0.02058334225850631
2,0.7701894640922546,0.7702185466609048,0.6929509447158333,0.0195503442230367
