epoch,auc_gt_tf,auc_gt_sl,roc_auc_mean,roc_auc_std
0,0.7493573427200317,0.7493831215889618,0.5089910548346319,0.059538662380223595
1,0.7664340734481812,0.7664771312694274,0.514714520873284,0.0692787807966774
2,0.7701894640922546,0.7702185466609048,0.5302631447700504,0.05266666383275467
