epoch,auc_gt_tf,auc_gt_sl,roc_auc_mean,roc_auc_std
0,0.7493821382522583,0.7493831215889618,0.7493788101943664,0.00033091524639949655
1,0.7664783000946045,0.7664771312694274,0.766587835054247,0.0003550507004974835
2,0.7702188491821289,0.7702185466609048,0.7702071915164133,0.00033004446916164724
