epoch,auc_gt_tf,auc_gt_sl,roc_auc_mean,roc_auc_std
0,0.7493574619293213,0.7493831215889618,0.7498784023076334,0.005013612576178735
1,0.7664340734481812,0.7664771312694274,0.7666667481800893,0.004397031659175423
2,0.7701895236968994,0.7702185466609048,0.7707450062251757,0.004415037050393732
