epoch,auc_gt_tf,auc_gt_sl,roc_auc_mean,roc_auc_std
0,0.7493821382522583,0.7493831215889618,0.7502389944779708,0.0017663580992345895
1,0.7664783000946045,0.7664771312694274,0.7663924581497257,0.0020980661285662635
2,0.7702188491821289,0.7702185466609048,0.7710983643185262,0.0018913152966873047
