epoch,auc_gt_tf,auc_gt_sl,roc_auc_mean,roc_auc_std
0,0.7493821382522583,0.7493831215889618,0.7493976670247522,0.0004003951221627852
1,0.7664783000946045,0.7664771312694274,0.7663379129490904,0.000338037273851815
2,0.7702188491821289,0.7702185466609048,0.7701116052998958,0.0003749708573776893
