epoch,auc_gt_tf,auc_gt_sl,roc_auc_mean,roc_auc_std
0,0.7493821382522583,0.7493831215889618,0.7492782721610458,0.0023150634293915254
1,0.7664783000946045,0.7664771312694274,0.7665233607785048,0.0024648756721491554
2,0.7702188491821289,0.7702185466609048,0.7706943839843049,0.002651834414479606
