epoch,auc_gt_tf,auc_gt_sl,roc_auc_mean,roc_auc_std
0,0.7493821382522583,0.7493831215889618,0.7491075082591847,0.0009317289289354084
1,0.7664783000946045,0.7664771312694274,0.7665580192958494,0.0011089754380812207
2,0.7702188491821289,0.7702185466609048,0.7702042740189887,0.0007953422859975229
