epoch,auc_gt_tf,auc_gt_sl,roc_auc_mean,roc_auc_std
0,0.7493821382522583,0.7493831215889618,0.7493856869870072,4.928232331082365e-05
1,0.7664783000946045,0.7664771312694274,0.7664936711461384,3.90609198676194e-05
2,0.7702188491821289,0.7702185466609048,0.7702069533611244,4.09626200896776e-05
