epoch,auc_gt_tf,auc_gt_sl,roc_auc_mean,roc_auc_std
0,0.7493821382522583,0.7493831215889618,0.7493798686038214,3.9595165052262076e-05
1,0.7664783000946045,0.7664771312694274,0.766446740657986,5.4372747190499306e-05
2,0.7702188491821289,0.7702185466609048,0.7702038254929227,4.9081107699671094e-05
