epoch,auc_gt_tf,auc_gt_sl,roc_auc_mean,roc_auc_std
0,0.7493821382522583,0.7493831215889618,0.7493367721413742,0.001272311079760135
1,0.7664783000946045,0.7664771312694274,0.766282083462223,0.0011434421602409524
2,0.7702188491821289,0.7702185466609048,0.770004445094487,0.0012000917321013738
