epoch,auc_gt_tf,auc_gt_sl,roc_auc_mean,roc_auc_std
0,0.7493574619293213,0.7493831215889618,0.7493874489100262,1.6337842444418495e-05
1,0.7664340734481812,0.7664771312694274,0.7664777838691426,1.314151237753813e-05
2,0.7701895236968994,0.7702185466609048,0.7702138094446298,1.727848915795719e-05
